"","OrganizationIdentifier","OrganizationFormalName","MonitoringLocationIdentifier","MonitoringLocationName","MonitoringLocationTypeName","MonitoringLocationDescriptionText","HUCEightDigitCode","DrainageAreaMeasure.MeasureValue","DrainageAreaMeasure.MeasureUnitCode","ContributingDrainageAreaMeasure.MeasureValue","ContributingDrainageAreaMeasure.MeasureUnitCode","LatitudeMeasure","LongitudeMeasure","SourceMapScaleNumeric","HorizontalAccuracyMeasure.MeasureValue","HorizontalAccuracyMeasure.MeasureUnitCode","HorizontalCollectionMethodName","HorizontalCoordinateReferenceSystemDatumName","VerticalMeasure.MeasureValue","VerticalMeasure.MeasureUnitCode","VerticalAccuracyMeasure.MeasureValue","VerticalAccuracyMeasure.MeasureUnitCode","VerticalCollectionMethodName","VerticalCoordinateReferenceSystemDatumName","CountryCode","StateCode","CountyCode","AquiferName","LocalAqfrName","FormationTypeText","AquiferTypeName","ConstructionDateText","WellDepthMeasure.MeasureValue","WellDepthMeasure.MeasureUnitCode","WellHoleDepthMeasure.MeasureValue","WellHoleDepthMeasure.MeasureUnitCode","ProviderName"
"1","USGS-NH","USGS New Hampshire Water Science Center","USGS-01090000","MERRIMACK RIVER AT MAIN STREET, HOOKSETT, NH","Stream",NA,1070006,2810,"sq mi",NA,NA,43.09536059,-71.4645128,24000,"1","seconds","Interpolated from MAP.","NAD83",175,"feet",10,"feet","Interpolated from topographic map.","NGVD29","US",33,13,NA,NA,NA,NA,NA,NA,NA,NA,NA,"NWIS"
"2","USGS-NH","USGS New Hampshire Water Science Center","USGS-01096507","NASHUA RIVER AT CANAL STREET, AT NASHUA, NH","Stream",NA,1070004,NA,NA,NA,NA,42.7636996,-71.4547879,24000,"1","seconds","Interpolated from MAP.","NAD83",95,"feet",10,"feet","Interpolated from topographic map.","NGVD29","US",33,11,NA,NA,NA,NA,NA,NA,NA,NA,NA,"NWIS"
"3","USGS-NH","USGS New Hampshire Water Science Center","USGS-01096508","MERRIMACK RIVER AT NASHUA, NH","Stream",NA,1070006,3480,"sq mi",NA,NA,42.7634219,-71.4428432,NA,"1","seconds","Interpolated from MAP.","NAD83",0,"feet",0.01,"feet","Level or other surveyed method.","NAVD88","US",33,11,NA,NA,NA,NA,NA,NA,NA,NA,NA,"NWIS"
"4","USGS-NH","USGS New Hampshire Water Science Center","USGS-01137500","AMMONOOSUC RIVER AT BETHLEHEM JUNCTION, NH","Stream",NA,1080103,87.6,"sq mi",NA,NA,44.2686741,-71.6303617,25000,"1","seconds","Interpolated from MAP.","NAD83",1180.48,"feet",0.01,"feet","Level or other surveyed method.","NAVD88","US",33,9,NA,NA,NA,NA,NA,NA,NA,NA,NA,"NWIS"
"5","USGS-NH","USGS New Hampshire Water Science Center","USGS-01141900","CONNECTICUT RIVER AT WILDER DAM, AT WILDER, VT","Stream",NA,1080104,NA,NA,NA,NA,43.66757069,-72.3034244,24000,"1","seconds","Interpolated from MAP.","NAD83",380,"feet",20,"feet","Interpolated from topographic map.","NGVD29","US",33,17,NA,NA,NA,NA,NA,NA,NA,NA,NA,"NWIS"
"6","USGS-NH","USGS New Hampshire Water Science Center","USGS-01152500","SUGAR RIVER AT WEST CLAREMONT, NH","Stream",NA,1080106,269,"sq mi",NA,NA,43.38757327,-72.36203409,25000,"1","seconds","Interpolated from MAP.","NAD83",358.42,"feet",0.1,"feet","GNSS2 - Level 2 Quality Survey Grade Global Navigation Satellite System","NAVD88","US",33,19,NA,NA,NA,NA,NA,NA,NA,NA,NA,"NWIS"
"7","USGS-NH","USGS New Hampshire Water Science Center","USGS-01154500","CONNECTICUT RIVER AT NORTH WALPOLE, NH","Stream",NA,1080107,5493,"sq mi",NA,NA,43.12618905,-72.4367549,25000,"1","seconds","Interpolated from MAP.","NAD83",217.53,"feet",0.16,"feet","Level or other surveyed method.","NAVD88","US",33,5,NA,NA,NA,NA,NA,NA,NA,NA,NA,"NWIS"
"8","USGS-NH","USGS New Hampshire Water Science Center","USGS-01155050","CONNECTICUT RIVER AT WALPOLE, NH","Stream",NA,1080107,5612,"sq mi",NA,NA,43.0842454,-72.43286589,25000,"1","seconds","Interpolated from MAP.","NAD83",220,"feet",20,"feet","Interpolated from topographic map.","NGVD29","US",33,5,NA,NA,NA,NA,NA,NA,NA,NA,NA,"NWIS"
"9","USGS-NH","USGS New Hampshire Water Science Center","USGS-432846071321000","WINNIPESAUKEE RIVER AT LOCHMERE, NH","Stream",NA,1070002,NA,NA,NA,NA,43.4795214,-71.53562997,NA,"Unknown","Unknown","Interpolated from MAP.","NAD83",NA,NA,NA,NA,NA,NA,"US",33,1,NA,NA,NA,NA,NA,NA,NA,NA,NA,"NWIS"
"10","USGS-NH","USGS New Hampshire Water Science Center","USGS-433127071284000","WINNIPESAUKEE RIVER AT MARTEL'S, AT LACONIA, NH","Stream",NA,1070002,NA,NA,NA,NA,43.52424345,-71.4772956,NA,"Unknown","Unknown","Interpolated from MAP.","NAD83",NA,NA,NA,NA,NA,NA,"US",33,1,NA,NA,NA,NA,NA,NA,NA,NA,NA,"NWIS"
"11","USGS-NH","USGS New Hampshire Water Science Center","USGS-433130071284500","LACONIA CITY SEWAGE TREATMENT PLANT EFFLUENT","Stream",NA,1070002,NA,NA,NA,NA,43.52507676,-71.4786845,NA,"Unknown","Unknown","Interpolated from MAP.","NAD83",NA,NA,NA,NA,NA,NA,"US",33,1,NA,NA,NA,NA,NA,NA,NA,NA,NA,"NWIS"
"12","USGS-NY","USGS New York Water Science Center","USGS-01054175","BURNT MILL BK @ WILD RVR CMPGRND RD NR GILEAD ME","Stream",NA,1040002,NA,NA,NA,NA,44.33117445,-71.0270184,24000,"1","seconds","Interpolated from MAP.","NAD83",960,"feet",20,"feet","Interpolated from topographic map.","NGVD29","US",33,7,NA,NA,NA,NA,NA,NA,NA,NA,NA,"NWIS"
"13","11113300","New Hampshire Department Of Environmental Services (BEACH)","11113300-01A-GRD","GRIDLEY RIVER @ BOYD PROPERTY","River/Stream","STREAM IN WOODS, LOW BANKS, NO DEVELOPMENT, NO VEGETATION",1070003,NA,NA,NA,NA,42.827683,-71.979803,24000,NA,NA,"Interpolation-Map","NAD83",850,"ft",NA,NA,"Topographic Map Interpolation","NAVD88","US",33,11,NA,NA,NA,NA,NA,NA,NA,NA,NA,"STORET"
"14","11113300","New Hampshire Department Of Environmental Services (BEACH)","11113300-01-ASH","147 RIVER ST","River/Stream",NA,1080201,NA,NA,NA,NA,42.779742,-72.490036,NA,NA,NA,"GPS-Unspecified","NAD83",NA,NA,NA,NA,NA,NA,"US",33,5,NA,NA,NA,NA,NA,NA,NA,NA,NA,"STORET"
"15","11113300","New Hampshire Department Of Environmental Services (BEACH)","11113300-01-SGR","BRIDGE AT RTE 12A AND 12/103","River/Stream",NA,1080106,NA,NA,NA,NA,43.398329,-72.393798,24000,"60","m","Interpolation-Map","NAD83",321,"ft",NA,NA,"Other","NAVD88","US",33,19,NA,NA,NA,NA,NA,NA,NA,NA,NA,"STORET"
"16","11113300","New Hampshire Department Of Environmental Services (BEACH)","11113300-01-SKB","SUCKER BROOK AT LAKE SHORE DRIVE","River/Stream","UPSTREAM OF LAKE SHORE DRIVE",1070001,NA,NA,NA,NA,43.470022,-71.697286,24000,NA,NA,"Interpolation-Map","NAD83",NA,NA,NA,NA,NA,NA,"US",33,13,NA,NA,NA,NA,NA,NA,NA,NA,NA,"STORET"
"17","11113300","New Hampshire Department Of Environmental Services (BEACH)","11113300-02-ASH","RTE 63 BRIDGE","River/Stream","ROUTE 63 BRIDGE, HINSDALE.",1080201,NA,NA,NA,NA,42.786069,-72.486456,NA,"15","m","GPS-Unspecified","NAD83",269,"ft",NA,NA,"Topographic Map Interpolation","NAVD88","US",33,5,NA,NA,NA,NA,NA,NA,NA,NA,NA,"STORET"
"18","11113300","New Hampshire Department Of Environmental Services (BEACH)","11113300-02-CLD","DREWSVILLE - RTE 123 BRIDGE","River/Stream","RT 123 BRIDGE ABOVE DREWSVILLE GORGE.",1080107,NA,NA,NA,NA,43.132131,-72.390389,24000,NA,NA,"Interpolation-Map","NAD83",400,"ft",NA,NA,"Topographic Map Interpolation","NAVD88","US",33,5,NA,NA,NA,NA,NA,NA,NA,NA,NA,"STORET"
"19","11113300","New Hampshire Department Of Environmental Services (BEACH)","11113300-02-CTC","EAST ST BRIDGE","River/Stream",NA,1070003,NA,NA,NA,NA,43.284928,-71.596644,NA,NA,NA,"GPS-Unspecified","NAD83",298,"ft",NA,NA,"Topographic Map Interpolation","NAVD88","US",33,13,NA,NA,NA,NA,NA,NA,NA,NA,NA,"STORET"
"20","11113300","New Hampshire Department Of Environmental Services (BEACH)","11113300-02-GRD","GRIDLEY RIVER AT SPRING HILL","River/Stream","STREAM IN WOODS, SLOPING BANKS, NO DEVELOPMENT, NO VEGETATION",1070003,NA,NA,NA,NA,42.815509,-71.970858,24000,NA,NA,"Interpolation-Map","NAD83",1000,"ft",NA,NA,"Topographic Map Interpolation","NAVD88","US",33,11,NA,NA,NA,NA,NA,NA,NA,NA,NA,"STORET"
"21","11113300","New Hampshire Department Of Environmental Services (BEACH)","11113300-02-ISG","ROCHESTER NECK RD BRIDGE","River/Stream","UPSTREAM SIDE OF BRIDGE; SAND, GRAVEL, ROCK SUBSTRATE; SAPLING/SHRUB RIPARIAN BUFFER, NARROW; DOVER PUMP STATION JUST DOWNSTREAM ON LEFT BANK.",1060003,NA,NA,NA,NA,43.233476,-70.955424,24000,"60","m","Interpolation-Map","NAD83",127,"ft",NA,NA,"Other","NAVD88","US",33,17,NA,NA,NA,NA,NA,NA,NA,NA,NA,"STORET"
"22","11113300","New Hampshire Department Of Environmental Services (BEACH)","11113300-02-ISR","RTE 2/RT 3 BRIDGE","River/Stream","2007 TEMP LOGGER STATION",1080101,NA,NA,NA,NA,44.487925,-71.569608,NA,NA,NA,"GPS-Unspecified","NAD83",860,"ft",NA,NA,"Topographic Map Interpolation","NAVD88","US",33,7,NA,NA,NA,NA,NA,NA,NA,NA,NA,"STORET"
"23","11113300","New Hampshire Department Of Environmental Services (BEACH)","11113300-02-SBA","RT 32 BRIDGE NEAR SWANZEY SCHOOLS","River/Stream","ROUTE 32 BRIDGE NEAR THE SWANZEY ELEMENTARY AND MIDDLE SCHOOLS - POWER LINES ADJACENT TO BRIDGE - SAMPLE UPSTREAM SIDE OF THE BRIDGE.",1080201,NA,NA,NA,NA,42.875983,-72.277211,24000,NA,NA,"Interpolation-Map","NAD83",NA,NA,NA,NA,NA,NA,"US",33,5,NA,NA,NA,NA,NA,NA,NA,NA,NA,"STORET"
"24","11113300","New Hampshire Department Of Environmental Services (BEACH)","11113300-02-SHG","RTE 3 BRIDGE","River/Stream",NA,1070006,NA,NA,NA,NA,42.860642,-71.493033,24000,NA,NA,"Interpolation-Map","NAD83",157,"ft",NA,NA,"Topographic Map Interpolation","NAVD88","US",33,11,NA,NA,NA,NA,NA,NA,NA,NA,NA,"STORET"
"25","11113300","New Hampshire Department Of Environmental Services (BEACH)","11113300-02-WNC","WINNICUT RIVER AT RT33 BRIDGE","River/Stream","ABOVE TIDAL DAM NEAR PARKING AREA",1060003,NA,NA,NA,NA,43.036067,-70.847983,24000,NA,NA,"Interpolation-Map","NAD83",NA,NA,NA,NA,NA,NA,"US",33,15,NA,NA,NA,NA,NA,NA,NA,NA,NA,"STORET"
"26","11113300","New Hampshire Department Of Environmental Services (BEACH)","11113300-03-AMM","RR BRIDGE","River/Stream","NEAR RAILROAD BRIDGE, BATH. WADE IN SITE. DS OF RAILROAD BRIDGE.  GOOD SITE FOR TEMP LOGGER/RBS AT DOWNSTREAM EDGE OF POWER LINES.",1080103,NA,NA,NA,NA,44.154781,-71.981903,NA,"15","m","GPS-Unspecified","NAD83",498,"ft",NA,NA,"Other","NAVD88","US",33,9,NA,NA,NA,NA,NA,NA,NA,NA,NA,"STORET"
"27","11113300","New Hampshire Department Of Environmental Services (BEACH)","11113300-03-GRD","GRIDLEY RIVER @ RTE 124","River/Stream","STREAM IN OPEN WETLAND AREA, FLAT BANKS, NO DEVELOPMENT SOME VEGETATION IN STREAM",1070003,NA,NA,NA,NA,42.790861,-71.945531,24000,NA,NA,"Interpolation-Map","NAD83",1140,"ft",NA,NA,"Topographic Map Interpolation","NAVD88","US",33,11,NA,NA,NA,NA,NA,NA,NA,NA,NA,"STORET"
"28","11113300","New Hampshire Department Of Environmental Services (BEACH)","11113300-03-OSS","RTE 153 BRIDGE","River/Stream",NA,1060002,NA,NA,NA,NA,43.79635,-71.056281,NA,NA,NA,"GPS-Unspecified","NAD83",397,"ft",NA,NA,"Topographic Map Interpolation","NAVD88","US",33,3,NA,NA,NA,NA,NA,NA,NA,NA,NA,"STORET"
"29","11113300","New Hampshire Department Of Environmental Services (BEACH)","11113300-04-SKB","SUCKER BROOK AT DYERS CROSSING","River/Stream","DOWNSTREAM OF DYER'S CROSSING, UPSTREAM OF NORTH AND SOUTH BROOKS.",1070001,NA,NA,NA,NA,43.471181,-71.724639,24000,NA,NA,"Interpolation-Map","NAD83",NA,NA,NA,NA,NA,NA,"US",33,13,NA,NA,NA,NA,NA,NA,NA,NA,NA,"STORET"
"30","11113300","New Hampshire Department Of Environmental Services (BEACH)","11113300-04-SSR","LEAR HILL RD OFF RTE 10 (DAM BRIDGE)","River/Stream",NA,1080106,NA,NA,NA,NA,43.304578,-72.154472,24000,NA,NA,"Interpolation-Map","NAD83",940,"ft",NA,NA,"Topographic Map Interpolation","NAVD88","US",33,19,NA,NA,NA,NA,NA,NA,NA,NA,NA,"STORET"
"31","11113300","New Hampshire Department Of Environmental Services (BEACH)","11113300-05-BER","BERRYS BROOK AT SAGAMORE AVE BRIDGE","River/Stream","UPSTREAM SIDE OF BRIDGE OVER BERRYS BROOK ON SAGAMORE AVENUE. FACING UPSTREAM, TAKE SAMPLE FROM THE RIGHT BANK (OPPOSITE SIDE FROM STREAM GAGE). RECORD WATER HEIGHT ON USGS GAGE INSTALLED ON BRIDGE.",1060003,NA,NA,NA,NA,43.036267,-70.748899,NA,NA,NA,"GPS-Unspecified","NAD83",NA,NA,NA,NA,NA,NA,"US",33,15,NA,NA,NA,NA,NA,NA,NA,NA,NA,"STORET"
"32","11113300","New Hampshire Department Of Environmental Services (BEACH)","11113300-05-BLM","RTE 108 BRIDGE","River/Stream",NA,1060003,NA,NA,NA,NA,43.179894,-70.878219,24000,NA,NA,"Interpolation-Map","NAD83",98,"ft",NA,NA,"Topographic Map Interpolation","NAVD88","US",33,17,NA,NA,NA,NA,NA,NA,NA,NA,NA,"STORET"
"33","11113300","New Hampshire Department Of Environmental Services (BEACH)","11113300-05-GRD","RTE 123 BRIDGE","River/Stream",NA,1070003,NA,NA,NA,NA,42.792318,-71.911339,24000,NA,NA,"Interpolation-Map","NAD83",1180,"ft",NA,NA,"Topographic Map Interpolation","NAVD88","US",33,11,NA,NA,NA,NA,NA,NA,NA,NA,NA,"STORET"
"34","11113300","New Hampshire Department Of Environmental Services (BEACH)","11113300-05-OYS","RTE 108 BRIDGE/MILL POND","River/Stream","TIDAL DAM DOWNSTREAM, IMPOUNDING WATER; POND FILLED WITH SEDIMENTS AND LITTORAL VEGETATION",1060003,NA,NA,NA,NA,43.130853,-70.918606,NA,NA,NA,"GPS-Unspecified","NAD83",16,"ft",NA,NA,"Topographic Map Interpolation","NAVD88","US",33,17,NA,NA,NA,NA,NA,NA,NA,NA,NA,"STORET"
"35","11113300","New Hampshire Department Of Environmental Services (BEACH)","11113300-05-SAG","SAGAMORE CREEK AT PEVERLY HILL RD","River/Stream","TWO OR THREE CULVERTS PASS UNDER PEVERLY HILL ROAD. TAKE SAMPLE DOWNSTREAM OF THESE CULVERTS AT THE POINT WHERE THE FLOWS FROM ALL CULVERTS COMBINE TO FORM A NARROW STREAM.  COLLECT SAMPLE FROM THE MIDDLE OF THE STREAM USING A SAMPLING POLE.",1060003,NA,NA,NA,NA,43.049284,-70.77831,NA,"15","m","GPS-Unspecified","NAD83",16,"ft",NA,NA,"Topographic Map Interpolation","NAVD88","US",33,15,NA,NA,NA,NA,NA,NA,NA,NA,NA,"STORET"
"36","11113300","New Hampshire Department Of Environmental Services (BEACH)","11113300-05-SGR","BRIDGE ON RTE 11","River/Stream",NA,1080106,NA,NA,NA,NA,43.373722,-72.336275,NA,NA,NA,"GPS-Unspecified","NAD83",531,"ft",NA,NA,"Topographic Map Interpolation","NAVD88","US",33,19,NA,NA,NA,NA,NA,NA,NA,NA,NA,"STORET"
"37","11113300","New Hampshire Department Of Environmental Services (BEACH)","11113300-06-NSH","RTE 111 BRIDGE","River/Stream",NA,1070004,NA,NA,NA,NA,42.712792,-71.548578,24000,NA,NA,"Interpolation-Map","NAD83",170,"ft",NA,NA,"Topographic Map Interpolation","NAVD88","US",33,11,NA,NA,NA,NA,NA,NA,NA,NA,NA,"STORET"
"38","11113300","New Hampshire Department Of Environmental Services (BEACH)","11113300-07-ASH","RTE 119 BRIDGE","River/Stream",NA,1080201,NA,NA,NA,NA,42.768236,-72.391981,NA,NA,NA,"GPS-Unspecified","NAD83",495,"ft",NA,NA,"Topographic Map Interpolation","NAVD88","US",33,5,NA,NA,NA,NA,NA,NA,NA,NA,NA,"STORET"
"39","11113300","New Hampshire Department Of Environmental Services (BEACH)","11113300-07-CCH","RTE 9 BRIDGE (CENTRAL AVE)","River/Stream","URBAN CENTER OF DOVER; 200 FT UPSTREAM FROM COCHECO FALLS DAM, UPSTREAM, MIDWAY ON BRIDGE",1060003,NA,NA,NA,NA,43.196489,-70.874139,24000,NA,NA,"Interpolation-Map","NAD83",40,"ft",NA,NA,"Topographic Map Interpolation","NAVD88","US",33,17,NA,NA,NA,NA,NA,NA,NA,NA,NA,"STORET"
"40","11113300","New Hampshire Department Of Environmental Services (BEACH)","11113300-07-SGR","RTE 103/11 BRIDGE","River/Stream","BRIDGE CROSSING OF RT 103 / 11; SAMPLE UPSTREAM OF BRIDGE.  COORDINATES ADJUSTED TO LINE UP WITH USGS STREAM GRID.",1080106,NA,NA,NA,NA,43.362297,-72.22485,NA,"15","m","GPS-Unspecified","NAD83",682,"ft",NA,NA,"Other","NAVD88","US",33,19,NA,NA,NA,NA,NA,NA,NA,NA,NA,"STORET"
"41","11113300","New Hampshire Department Of Environmental Services (BEACH)","11113300-08-MER","RR BRIDGE D.S. OF MANCHESTER WWTF","River/Stream","UPPER MERRIMACK ID - M058, D/S MANCHESTER WWTF 1
LOWER MERRIMACK ID - M005/M005D, MANCHESTER WWTP",1070006,NA,NA,NA,NA,42.936044,-71.456472,NA,"15","m","GPS-Unspecified","NAD83",118,"ft",NA,NA,"Other","NAVD88","US",33,11,NA,NA,NA,NA,NA,NA,NA,NA,NA,"STORET"
"42","11113300","New Hampshire Department Of Environmental Services (BEACH)","11113300-09-EXT-DAMMED","HIGH ST BRIDGE","River/Stream","(SAMPLES COLLECTED FROM BEFORE THE DAM WAS REMOVED)",1060003,NA,NA,NA,NA,42.980923,-70.944114,24000,"60","m","Interpolation-Map","NAD83",20,"ft",NA,NA,"Topographic Map Interpolation","NAVD88","US",33,15,NA,NA,NA,NA,NA,NA,NA,NA,NA,"STORET"
"43","11113300","New Hampshire Department Of Environmental Services (BEACH)","11113300-09-OYS","RTE 155A BRIDGE/ USGS GAGING STATION","River/Stream","FOREST UPLANDS; SLOW FLOW IN WIDE CHANNEL; NEAR USGS GAGING STATION
LOVOTECS STATION: OYSTER RIVER, LEE AT USGS GAGING STATION (OGS)",1060003,NA,NA,NA,NA,43.148281,-70.965667,NA,"15","m","GPS-Unspecified","NAD83",98,"ft",NA,NA,"Other","NAVD88","US",33,17,NA,NA,NA,NA,NA,NA,NA,NA,NA,"STORET"
"44","11113300","New Hampshire Department Of Environmental Services (BEACH)","11113300-10-CCH","WHITTIER ST BRIDGE","River/Stream","WHITTIER ST BRIDGE",1060003,NA,NA,NA,NA,43.205089,-70.893319,24000,NA,NA,"Interpolation-Map","NAD83",78,"ft",NA,NA,"GPS Code (Pseudo Range) Standard Position (SA Off)","UNKWN","US",33,17,NA,NA,NA,NA,NA,NA,NA,NA,NA,"STORET"
"45","11113300","New Hampshire Department Of Environmental Services (BEACH)","11113300-10-SGR","OAK ST BRIDGE ABOVE NEWPORT WWTF","River/Stream",NA,1080106,NA,NA,NA,NA,43.372172,-72.181744,NA,NA,NA,"GPS-Unspecified","NAD83",784,"ft",NA,NA,"Topographic Map Interpolation","NAVD88","US",33,19,NA,NA,NA,NA,NA,NA,NA,NA,NA,"STORET"
"46","11113300","New Hampshire Department Of Environmental Services (BEACH)","11113300-11A-PMI","SAWHEGANET FALLS RECREATION AREA","River/Stream","FOLLOW TRAIL FROM PARKING AREA TO RIVER.  CHANNEL APPROXIMATELY 175 FT WIDE, SLOW FLOW, DEEP WATER.  SANDBARS DOWNSTREAM.  WOODED BANKS.  JUST BELOW SQUAM RIVER INFLOW AND WWTP.",1070001,NA,NA,NA,NA,43.683056,-71.650278,24000,NA,NA,"Interpolation-Map","NAD83",459,"ft",NA,NA,"Topographic Map Interpolation","NAVD88","US",33,9,NA,NA,NA,NA,NA,NA,NA,NA,NA,"STORET"
"47","11113300","New Hampshire Department Of Environmental Services (BEACH)","11113300-11-CCH","WATSON RD BRIDGE","River/Stream","0.3 MI SOUTH OF COUNTY FARM ROAD (0.7 MILE SOUTH OF TOLAND RD.); APPROXIMATELY 200 FT UPSTREAM FROM WATSON DAM; RURAL RESIDENTIAL DEVELOPMENT; TREE/SHRUB RIPARIAN BUFFER UPSTREAM; IMPOUNDED WATER",1060003,NA,NA,NA,NA,43.214089,-70.922861,NA,NA,NA,"GPS-Unspecified","NAD83",108,"ft",NA,NA,"Topographic Map Interpolation","NAVD88","US",33,17,NA,NA,NA,NA,NA,NA,NA,NA,NA,"STORET"
"48","11113300","New Hampshire Department Of Environmental Services (BEACH)","11113300-12-CCH","STRAFFORD COUNTY FARM","River/Stream","WALK ON TRAIL FROM NURSING HOME PARKING LOT; APPROXIMATELY 0.25 MI.  200 FT DOWNSTREAM OF COUNTY FARM ROAD BRIDGE ABUTMENT, SOUTH BANK; UPPER LIMIT OF WATSON BRIDGE IMPOUNDMENT",1060003,NA,NA,NA,NA,43.220756,-70.943528,NA,NA,NA,"GPS-Unspecified","NAD83",111,"ft",NA,NA,"Topographic Map Interpolation","NAVD88","US",33,17,NA,NA,NA,NA,NA,NA,NA,NA,NA,"STORET"
"49","11113300","New Hampshire Department Of Environmental Services (BEACH)","11113300-16-ASH","CRESSON BRIDGE ON SAWYERS CROSSING RD","River/Stream",NA,1080201,NA,NA,NA,NA,42.886195,-72.286546,NA,"15","m","GPS-Unspecified","NAD83",495,"ft",NA,NA,"Other","NAVD88","US",33,5,NA,NA,NA,NA,NA,NA,NA,NA,NA,"STORET"
"50","11113300","New Hampshire Department Of Environmental Services (BEACH)","11113300-16-MER","RR TRESSEL NEAR RTE 3 BRIDGE","River/Stream","UPPER MERRIMACK ID - M050, D/S HOOKSETT DAM. LOWER MERRIMACK ID - M001, D/S OF POWER PLANT AT RAILROAD BRIDGE CROSSING.",1070006,NA,NA,NA,NA,43.095817,-71.463776,NA,"15","m","GPS-Unspecified","NAD83",170,"ft",NA,NA,"Topographic Map Interpolation","NAVD88","US",33,13,NA,NA,NA,NA,NA,NA,NA,NA,NA,"STORET"
"51","11113300","New Hampshire Department Of Environmental Services (BEACH)","11113300-16-SGR","RTE 103 BRIDGE IN SUNAPEE","River/Stream",NA,1080106,NA,NA,NA,NA,43.372966,-72.124968,NA,"15","m","GPS-Unspecified","NAD83",997,"ft",NA,NA,"Other","NAVD88","US",33,19,NA,NA,NA,NA,NA,NA,NA,NA,NA,"STORET"
"52","11113300","New Hampshire Department Of Environmental Services (BEACH)","11113300-18-ASH","ROUTE 101 BRIDGE","River/Stream","ROUTE 101 BRIDGE",1080201,NA,NA,NA,NA,42.921658,-72.280936,24000,NA,NA,"Interpolation-Map","NAD83",498,"ft",NA,NA,"Topographic Map Interpolation","NAVD88","US",33,5,NA,NA,NA,NA,NA,NA,NA,NA,NA,"STORET"
"53","11113300","New Hampshire Department Of Environmental Services (BEACH)","11113300-18-CCH","MAPLE ST BRIDGE/GONIC MILL","River/Stream","HUC CODE (12) ORIGINALLY ENTERED AS 010600030607.",1060003,NA,NA,NA,NA,43.274253,-70.977211,NA,"15","m","GPS-Unspecified","NAD83",170,"ft",NA,NA,"Topographic Map Interpolation","NAVD88","US",33,17,NA,NA,NA,NA,NA,NA,NA,NA,NA,"STORET"
"54","11113300","New Hampshire Department Of Environmental Services (BEACH)","11113300-20A-ASH","STONE ARCH BRIDGE-KEENE","River/Stream","DOUBLE STONE ARCH BRIDGE OFF RT 12 NEAR NORTH CEMETARY.  SAMPLE UPSTREAM SIDE OF THE BRIDGE.",1080201,NA,NA,NA,NA,42.961111,-72.302489,24000,NA,NA,"Interpolation-Map","NAD83",180,"ft",NA,NA,"Topographic Map Interpolation","NAVD88","US",33,5,NA,NA,NA,NA,NA,NA,NA,NA,NA,"STORET"
"55","11113300","New Hampshire Department Of Environmental Services (BEACH)","11113300-21-PMI","BRIDGE ON RD CONNECTING RTE 3 & 17","River/Stream","WOODED BANKS, JUST BELOW HUBBARD BROOK INFLOW.  BETWEEN EAST BRANCH AND MAD RIVER INFLOWS.",1070001,NA,NA,NA,NA,43.917336,-71.683197,NA,NA,NA,"GPS-Unspecified","NAD83",593,"ft",NA,NA,"Topographic Map Interpolation","NAVD88","US",33,9,NA,NA,NA,NA,NA,NA,NA,NA,NA,"STORET"
"56","11113300","New Hampshire Department Of Environmental Services (BEACH)","11113300-22-CCH","LITTLE FALLS BRIDGE","River/Stream","OVERHANGING POWER LINES CROSS ROAD DOWNSTREAM; SANDY SUBSTRATE; FOREST UPLAND UPSTREAM, SAMPLE UPSTREAM SIDE OF THE BRIDGE.",1060003,NA,NA,NA,NA,43.339194,-70.997128,NA,NA,NA,"GPS-Unspecified","NAD83",259,"ft",NA,NA,"Topographic Map Interpolation","NAVD88","US",33,17,NA,NA,NA,NA,NA,NA,NA,NA,NA,"STORET"
"57","11113300","New Hampshire Department Of Environmental Services (BEACH)","11113300-22U-CCH","PIKE INDUSTRIES BRIDGE","River/Stream","FORMERLY TILCON BRIDGE.  500 FT EAST OF RTE 11, SOUTHEAST OF RTE 153 INTERSECTION.   BRIDGE IS ENTRANCE TO GRAVEL YARD; NARROW RIPARIAN BUFFER; SANDY/ROCKY SUBSTRATE.  SAMPLE UPSTREAM SIDE OF THE BRIDGE.
ALIAS ID ALSO = R05P-03",1060003,NA,NA,NA,NA,43.368989,-71.038511,24000,"60","m","Interpolation-Map","NAD83",278,"ft",NA,NA,"Topographic Map Interpolation","NAVD88","US",33,17,NA,NA,NA,NA,NA,NA,NA,NA,NA,"STORET"
"58","11113300","New Hampshire Department Of Environmental Services (BEACH)","11113300-23-ASH","BRIDGE ON RTE 10, IN LOWER VILLAGE","River/Stream","FAST MOVING WATER UPSTREAM OF GILSUM STONE ARCH BRIDGE.  MANY LARGE STONES IN STREAM.",1080201,NA,NA,NA,NA,43.042667,-72.267122,24000,NA,NA,"Interpolation-Map","NAD83",902,"ft",NA,NA,"Topographic Map Interpolation","NAVD88","US",33,5,NA,NA,NA,NA,NA,NA,NA,NA,NA,"STORET"
"59","11113300","New Hampshire Department Of Environmental Services (BEACH)","11113300-23-CCH","WATSON CORNER RD BRIDGE","River/Stream","PARK CAR ON SHOULDER OF DUMP ROAD.  RIPARIAN VEGETATION, TREES. SHRUBS UPSTREAM; DOWNSTREAM FORESTED BUFFER - LEFT BANK; THIN BUFFER ON RIGHT BANK W/ EROSION. SAND/GRAVEL SUBSTRATE.  A CHAPMAN ADDED 98P-50 AS ALIAS ON 1/24/14.",1060003,NA,NA,NA,NA,43.375948,-71.041305,NA,"15","m","GPS-Unspecified","NAD83",275,"ft",NA,NA,"Other","NAVD88","US",33,17,NA,NA,NA,NA,NA,NA,NA,NA,NA,"STORET"
"60","11113300","New Hampshire Department Of Environmental Services (BEACH)","11113300-23-PMI","RTE 175 BRIDGE AT RTE 3","River/Stream",NA,1070001,NA,NA,NA,NA,44.022111,-71.682036,NA,NA,NA,"GPS-Unspecified","NAD83",698,"ft",NA,NA,"Topographic Map Interpolation","NAVD88","US",33,9,NA,NA,NA,NA,NA,NA,NA,NA,NA,"STORET"
"61","11113300","New Hampshire Department Of Environmental Services (BEACH)","11113300-24A-ASH","RTE 10, D.S. OF VILLAGE POND DAM","River/Stream",NA,1080201,NA,NA,NA,NA,43.113859,-72.194771,NA,NA,NA,"GPS-Unspecified","NAD83",NA,NA,NA,NA,NA,NA,"US",33,5,NA,NA,NA,NA,NA,NA,NA,NA,NA,"STORET"
"62","11113300","New Hampshire Department Of Environmental Services (BEACH)","11113300-25J-CTC","CAVENDER RD BRIDGE","River/Stream","STATION ID CHANGED PER PEG FOSS 07/2002.  SAMPLE FROM UPSTREAM SIDE OF THE BRIDGE, NOT WADABLE.",1070003,NA,NA,NA,NA,42.944131,-71.945508,NA,NA,NA,"GPS-Unspecified","NAD83",698,"ft",NA,NA,"Topographic Map Interpolation","NAVD88","US",33,11,NA,NA,NA,NA,NA,NA,NA,NA,NA,"STORET"
"63","11113300","New Hampshire Department Of Environmental Services (BEACH)","11113300-27-ASH","MOUNTAIN RD","River/Stream",NA,1080201,NA,NA,NA,NA,43.198973,-72.133726,NA,NA,NA,"GPS-Unspecified","NAD83",NA,NA,NA,NA,NA,NA,"US",33,19,NA,NA,NA,NA,NA,NA,NA,NA,NA,"STORET"
"64","11113300","New Hampshire Department Of Environmental Services (BEACH)","11113300-27-MER","SEWALLS FALLS RD BRIDGE","River/Stream",NA,1070006,NA,NA,NA,NA,43.271031,-71.5645,NA,NA,NA,"GPS-Unspecified","NAD83",259,"ft",NA,NA,"Topographic Map Interpolation","NAVD88","US",33,13,NA,NA,NA,NA,NA,NA,NA,NA,NA,"STORET"
"65","11113300","New Hampshire Department Of Environmental Services (BEACH)","11113300-28-ASH","PILLSBURY","River/Stream",NA,1080201,NA,NA,NA,NA,43.22553,-72.11885,NA,NA,NA,"GPS-Unspecified","NAD83",NA,NA,NA,NA,NA,NA,"US",33,19,NA,NA,NA,NA,NA,NA,NA,NA,NA,"STORET"
"66","11113300","New Hampshire Department Of Environmental Services (BEACH)","11113300-58-CNT","RTE 2 BRIDGE","River/Stream","ROUTE 2 BRIDGE.  SNOWMOBILE LANE ON UPSTREAM SIDE.   BRIDGE IS APPROXIMATELY 25 FT ABOVE RIVER. THERE IS A CANOE LAUNCH AT COASTAL GAS STATION ON NH SIDE JUST DOWNSTREAM FROM BRIDGE.  PARK AT GAS STATION.",1080101,NA,NA,NA,NA,44.496114,-71.594419,NA,NA,NA,"GPS-Unspecified","NAD83",860,"ft",NA,NA,"Topographic Map Interpolation","NAVD88","US",33,7,NA,NA,NA,NA,NA,NA,NA,NA,NA,"STORET"
"67","11113300","New Hampshire Department Of Environmental Services (BEACH)","11113300-ASHWASMA","ASHUELOT POND-MARINA INLET","River/Stream","MARINA INLET",1080201,NA,NA,NA,NA,43.1606,-72.152,24000,NA,NA,"Interpolation-Map","NAD83",1450,"ft",NA,NA,"Topographic Map Interpolation","NAVD88","US",33,19,NA,NA,NA,NA,NA,NA,NA,NA,NA,"STORET"
"68","11113300","New Hampshire Department Of Environmental Services (BEACH)","11113300-ASHWASMI","ASHUELOT POND-MILLEN INLET","River/Stream","MILLEN INLET",1080201,NA,NA,NA,NA,43.1501,-72.1372,24000,NA,NA,"Interpolation-Map","NAD83",1460,"ft",NA,NA,"Topographic Map Interpolation","NAVD88","US",33,19,NA,NA,NA,NA,NA,NA,NA,NA,NA,"STORET"
"69","11113300","New Hampshire Department Of Environmental Services (BEACH)","11113300-ASHWASO","ASHUELOT POND-OUTLET","River/Stream","OUTLET",1080201,NA,NA,NA,NA,43.1493,-72.1542,24000,NA,NA,"Interpolation-Map","NAD83",1443,"ft",NA,NA,"Topographic Map Interpolation","NAVD88","US",33,19,NA,NA,NA,NA,NA,NA,NA,NA,NA,"STORET"
"70","11113300","New Hampshire Department Of Environmental Services (BEACH)","11113300-ASHWASRI","ASHUELOT POND-RIVER INLET","River/Stream","RIVER INLET",1080201,NA,NA,NA,NA,43.1633,-72.1541,24000,"60","m","Interpolation-Map","NAD83",1450,"ft",NA,NA,"Topographic Map Interpolation","NAVD88","US",33,19,NA,NA,NA,NA,NA,NA,NA,NA,NA,"STORET"
"71","11113300","New Hampshire Department Of Environmental Services (BEACH)","11113300-BEADERM","BEAVER LAKE-MANTER BROOK","River/Stream","MANTER BROOK",1070006,NA,NA,NA,NA,42.906267,-71.288394,24000,"60","m","Interpolation-Map","NAD83",292,"ft",NA,NA,"Topographic Map Interpolation","NAVD88","US",33,15,NA,NA,NA,NA,NA,NA,NA,NA,NA,"STORET"
"72","11113300","New Hampshire Department Of Environmental Services (BEACH)","11113300-GOOCANGPB","GOOSE POND-GOOSE POND BROOK","River/Stream","OUTLET FROM GOOSE POND",1080106,NA,NA,NA,NA,43.685772,-72.091069,24000,NA,NA,"Interpolation-Map","NAD83",NA,NA,NA,NA,NA,NA,"US",33,9,NA,NA,NA,NA,NA,NA,NA,NA,NA,"STORET"
"73","11113300","New Hampshire Department Of Environmental Services (BEACH)","11113300-GOOCANHI","GOOSE POND-HINKSON BROOK","River/Stream","INLET OFF OF GOOSE POND ROAD",1080106,NA,NA,NA,NA,43.701806,-72.085333,NA,"15","m","GPS-Unspecified","NAD83",NA,NA,NA,NA,NA,NA,"US",33,9,NA,NA,NA,NA,NA,NA,NA,NA,NA,"STORET"
"74","11113300","New Hampshire Department Of Environmental Services (BEACH)","11113300-GOOCANMB","GOOSE POND-MARSHALL BROOK","River/Stream","INLET LOCATED AT NORTHERN TIP.
HANOVER",1080106,NA,NA,NA,NA,43.725528,-72.096833,NA,"15","m","GPS-Unspecified","NAD83",NA,NA,NA,NA,NA,NA,"US",33,9,NA,NA,NA,NA,NA,NA,NA,NA,NA,"STORET"
"75","11113300","New Hampshire Department Of Environmental Services (BEACH)","11113300-GOOCANMO","GOOSE POND-MOURTON BROOK","River/Stream","FIRST INLET OFF OF GOOSE POND ROAD",1080106,NA,NA,NA,NA,43.693417,-72.087833,NA,"15","m","GPS-Unspecified","NAD83",NA,NA,NA,NA,NA,NA,"US",33,9,NA,NA,NA,NA,NA,NA,NA,NA,NA,"STORET"
"76","11113300","New Hampshire Department Of Environmental Services (BEACH)","11113300-GRTKINK","GREAT POND-KELLEY BROOK INLET","River/Stream","KELLEY BROOK INLET",1070006,NA,NA,NA,NA,42.916281,-71.081989,24000,NA,NA,"Interpolation-Map","NAD83",118,"ft",NA,NA,"Topographic Map Interpolation","NAVD88","US",33,15,NA,NA,NA,NA,NA,NA,NA,NA,NA,"STORET"
"77","11113300","New Hampshire Department Of Environmental Services (BEACH)","11113300-GRTKINO","GREAT POND-OUTLET","River/Stream","OUTLET",1070006,NA,NA,NA,NA,42.913583,-71.0619,24000,NA,NA,"Interpolation-Map","NAD83",121,"ft",NA,NA,"Topographic Map Interpolation","NAVD88","US",33,15,NA,NA,NA,NA,NA,NA,NA,NA,NA,"STORET"
"78","11113300","New Hampshire Department Of Environmental Services (BEACH)","11113300-GRTKINT","GREAT POND-THAYER RD INLET","River/Stream","THAYER RD INLET",1070006,NA,NA,NA,NA,42.929853,-71.064033,24000,"60","m","Interpolation-Map","NAD83",121,"ft",NA,NA,"Topographic Map Interpolation","NAVD88","US",33,15,NA,NA,NA,NA,NA,NA,NA,NA,NA,"STORET"
"79","11113300","New Hampshire Department Of Environmental Services (BEACH)","11113300-HIGANDL","HIGHLAND LAKE-LOWER MAPLE ST BROOK","River/Stream","LOWER MAPLE ST BROOK",1070001,NA,NA,NA,NA,43.461278,-71.758389,24000,NA,NA,"Interpolation-Map","NAD83",656,"ft",NA,NA,"Topographic Map Interpolation","NAVD88","US",33,13,NA,NA,NA,NA,NA,NA,NA,NA,NA,"STORET"
"80","11113300","New Hampshire Department Of Environmental Services (BEACH)","11113300-HIGANDT","HIGHLAND LAKE-TILTON BROOK","River/Stream","TILTON BROOK",1070001,NA,NA,NA,NA,43.460889,-71.764278,24000,NA,NA,"Interpolation-Map","NAD83",653,"ft",NA,NA,"Topographic Map Interpolation","NAVD88","US",33,13,NA,NA,NA,NA,NA,NA,NA,NA,NA,"STORET"
"81","11113300","New Hampshire Department Of Environmental Services (BEACH)","11113300-HIGANDW","HIGHLAND LAKE-WEST INLET","River/Stream","WEST INLET",1070001,NA,NA,NA,NA,43.448353,-71.755103,24000,"60","m","Interpolation-Map","NAD83",659,"ft",NA,NA,"Topographic Map Interpolation","NAVD88","US",33,13,NA,NA,NA,NA,NA,NA,NA,NA,NA,"STORET"
"82","11113300","New Hampshire Department Of Environmental Services (BEACH)","11113300-MIRTUFAL","MIRROR LAKE-ABENAKI LAGOON","River/Stream","ABENAKI LAGOON
CULVERT OUTFALL FROM POND LOCATED AT BASE OF SKI SLOPE AT ABENAKI SKI AREA IN WOLFEBORO",1070002,NA,NA,NA,NA,43.61125,-71.229417,24000,"60","m","Interpolation-Map","NAD83",NA,NA,NA,NA,NA,NA,"US",33,3,NA,NA,NA,NA,NA,NA,NA,NA,NA,"STORET"
"83","11113300","New Hampshire Department Of Environmental Services (BEACH)","11113300-MIRTUFE","MIRROR LAKE-EAST INLET","River/Stream",NA,1070002,NA,NA,NA,NA,43.620278,-71.254583,24000,NA,NA,"Interpolation-Map","NAD83",NA,NA,NA,NA,NA,NA,"US",33,3,NA,NA,NA,NA,NA,NA,NA,NA,NA,"STORET"
"84","11113300","New Hampshire Department Of Environmental Services (BEACH)","11113300-MIRTUFWA","MIRROR LAKE-WEST INLET A","River/Stream",NA,1070002,NA,NA,NA,NA,43.6185,-71.255611,24000,NA,NA,"Interpolation-Map","NAD83",NA,NA,NA,NA,NA,NA,"US",33,3,NA,NA,NA,NA,NA,NA,NA,NA,NA,"STORET"
"85","11113300","New Hampshire Department Of Environmental Services (BEACH)","11113300-MIRTUFWB","MIRROR LAKE-WEST INLET B","River/Stream",NA,1070002,NA,NA,NA,NA,43.618639,-71.255556,24000,NA,NA,"Interpolation-Map","NAD83",NA,NA,NA,NA,NA,NA,"US",33,3,NA,NA,NA,NA,NA,NA,NA,NA,NA,"STORET"
"86","11113300","New Hampshire Department Of Environmental Services (BEACH)","11113300-MIRTUFWR","MIRROR LAKE-WAUMBECK RD","River/Stream","IN WOLFEBORO",1070002,NA,NA,NA,NA,43.612167,-71.239083,24000,"60","m","Interpolation-Map","NAD83",NA,NA,NA,NA,NA,NA,"US",33,3,NA,NA,NA,NA,NA,NA,NA,NA,NA,"STORET"
"87","11113300","New Hampshire Department Of Environmental Services (BEACH)","11113300-NORHANM","NORWAY POND-MOOSE BROOK","River/Stream","MOOSE BROOK",1070003,NA,NA,NA,NA,42.977778,-71.983083,24000,NA,NA,"Interpolation-Map","NAD83",833,"ft",NA,NA,"Topographic Map Interpolation","NAVD88","US",33,11,NA,NA,NA,NA,NA,NA,NA,NA,NA,"STORET"
"88","11113300","New Hampshire Department Of Environmental Services (BEACH)","11113300-NORHANO","NORWAY POND-OUTLET","River/Stream","OUTLET",1070003,NA,NA,NA,NA,42.982358,-71.977527,24000,"60","m","Interpolation-Satellite","NAD83",836,"ft",NA,NA,"Topographic Map Interpolation","NAVD88","US",33,11,NA,NA,NA,NA,NA,NA,NA,NA,NA,"STORET"
"89","11113300","New Hampshire Department Of Environmental Services (BEACH)","11113300-NORNOR1","NORTHWOOD LAKE-RTE 4 W INLET","River/Stream","RTE 4 W INLET",1070006,NA,NA,NA,NA,43.222036,-71.277583,24000,"60","m","Interpolation-Map","NAD83",518,"ft",NA,NA,"Topographic Map Interpolation","NAVD88","US",33,15,NA,NA,NA,NA,NA,NA,NA,NA,NA,"STORET"
"90","11113300","New Hampshire Department Of Environmental Services (BEACH)","11113300-NORNOR2","NORTHWOOD LAKE-RTE 4 E INLET","River/Stream","RTE 4 E INLET
STREAM SAMPLE OF NARROWS BROOK, AT SOUTHERN END OF CULVERT UNDER ROUTE 4, BEFORE BROOK FLOWS INTO NORTHWOOD LAKE.",1070006,NA,NA,NA,NA,43.222836,-71.253686,24000,"60","m","Interpolation-Map","NAD83",522,"ft",NA,NA,"Topographic Map Interpolation","NAVD88","US",33,15,NA,NA,NA,NA,NA,NA,NA,NA,NA,"STORET"
"91","11113300","New Hampshire Department Of Environmental Services (BEACH)","11113300-NORNOR3","NORTHWOOD LAKE-FLAT MEADOWS BROOK INLET","River/Stream","MEADOWS BROOK INLET COLLECTED EAST SIDE OF RT. 4.",1070006,NA,NA,NA,NA,43.223606,-71.257182,24000,"60","m","Interpolation-Map","NAD83",NA,NA,NA,NA,NA,NA,"US",33,15,NA,NA,NA,NA,NA,NA,NA,NA,NA,"STORET"
"92","11113300","New Hampshire Department Of Environmental Services (BEACH)","11113300-NORNOR5","NORTHWOOD LAKE-LOWER WTC INLET","River/Stream","LOWER WTC INLET",1070006,NA,NA,NA,NA,43.203083,-71.240083,24000,"60","m","Interpolation-Map","NAD83",541,"ft",NA,NA,"Topographic Map Interpolation","NAVD88","US",33,15,NA,NA,NA,NA,NA,NA,NA,NA,NA,"STORET"
"93","11113300","New Hampshire Department Of Environmental Services (BEACH)","11113300-OTTHUDBI","OTTERNICK POND-BENSON INLET","River/Stream","BENSON INLET.  LOCATED ON THE EASTERN END OF POND",1070006,NA,NA,NA,NA,42.771567,-71.419436,24000,"60","m","Interpolation-Map","NAD83",NA,NA,NA,NA,NA,NA,"US",33,11,NA,NA,NA,NA,NA,NA,NA,NA,NA,"STORET"
"94","11113300","New Hampshire Department Of Environmental Services (BEACH)","11113300-OTTHUDGI","OTTERNICK POND-GLOVER INLET","River/Stream","INLET LOCATED ON THE NOTHERN END OF THE POND",1070006,NA,NA,NA,NA,42.773089,-71.421753,24000,NA,NA,"Interpolation-Map","NAD83",NA,NA,NA,NA,NA,NA,"US",33,11,NA,NA,NA,NA,NA,NA,NA,NA,NA,"STORET"
"95","11113300","New Hampshire Department Of Environmental Services (BEACH)","11113300-OTTHUDO","OTTERNICK POND-OUTLET","River/Stream","OUTLET",1070006,NA,NA,NA,NA,42.769342,-71.424883,24000,"60","m","Interpolation-Map","NAD83",NA,NA,NA,NA,NA,NA,"US",33,11,NA,NA,NA,NA,NA,NA,NA,NA,NA,"STORET"
"96","11113300","New Hampshire Department Of Environmental Services (BEACH)","11113300-OTTSUNBB","OTTER POND-BAPTIST BROOK","River/Stream","BAPTIST BROOK",1080106,NA,NA,NA,NA,43.440083,-72.0643,24000,"60","m","Interpolation-Map","NAD83",1141,"ft",NA,NA,"Topographic Map Interpolation","NAVD88","US",33,19,NA,NA,NA,NA,NA,NA,NA,NA,NA,"STORET"
"97","11113300","New Hampshire Department Of Environmental Services (BEACH)","11113300-OTTSUNL","OTTER POND-LITTLE SUNAPEE BROOK","River/Stream","LITTLE SUNAPEE BROOK
NEW LONDON",1080106,NA,NA,NA,NA,43.431083,-72.0503,24000,"60","m","Interpolation-Map","NAD83",1145,"ft",NA,NA,"Topographic Map Interpolation","NAVD88","US",33,13,NA,NA,NA,NA,NA,NA,NA,NA,NA,"STORET"
"98","11113300","New Hampshire Department Of Environmental Services (BEACH)","11113300-OTTSUNO","OTTER POND-OUTLET","River/Stream","OUTLET",1080106,NA,NA,NA,NA,43.432889,-72.066,24000,NA,NA,"Interpolation-Map","NAD83",1132,"ft",NA,NA,"Topographic Map Interpolation","NAVD88","US",33,19,NA,NA,NA,NA,NA,NA,NA,NA,NA,"STORET"
"99","11113300","New Hampshire Department Of Environmental Services (BEACH)","11113300-OTTSUNS","OTTER POND-STAR LK INLET","River/Stream","STAR LK INLET",1080106,NA,NA,NA,NA,43.438278,-72.0591,24000,"60","m","Interpolation-Map","NAD83",1128,"ft",NA,NA,"Topographic Map Interpolation","NAVD88","US",33,19,NA,NA,NA,NA,NA,NA,NA,NA,NA,"STORET"
"100","11113300","New Hampshire Department Of Environmental Services (BEACH)","11113300-PAWNNOTB","PAWTUCKAWAY LAKE-BACK CREEK B","River/Stream","BACK CREEK B",1060003,NA,NA,NA,NA,43.109,-71.1484,24000,NA,NA,"Interpolation-Map","NAD83",256,"ft",NA,NA,"Topographic Map Interpolation","NAVD88","US",33,15,NA,NA,NA,NA,NA,NA,NA,NA,NA,"STORET"
"101","11113300","New Hampshire Department Of Environmental Services (BEACH)","11113300-PAWNNOTF1","PAWTUCKAWAY LAKE-FERNALDS A","River/Stream","FERNALDS A",1060003,NA,NA,NA,NA,43.0961,-71.1302,24000,NA,NA,"Interpolation-Map","NAD83",262,"ft",NA,NA,"Topographic Map Interpolation","NAVD88","US",33,15,NA,NA,NA,NA,NA,NA,NA,NA,NA,"STORET"
"102","11113300","New Hampshire Department Of Environmental Services (BEACH)","11113300-PAWNNOTF2","PAWTUCKAWAY LAKE-FUNDY BROOK","River/Stream","FUNDY BROOK",1060003,NA,NA,NA,NA,43.1032,-71.1383,24000,"60","m","Interpolation-Map","NAD83",253,"ft",NA,NA,"Topographic Map Interpolation","NAVD88","US",33,15,NA,NA,NA,NA,NA,NA,NA,NA,NA,"STORET"
"103","11113300","New Hampshire Department Of Environmental Services (BEACH)","11113300-PAWNNOTF3","PAWTUCKAWAY LAKE-#09 FERNALDS B","River/Stream",NA,1060003,NA,NA,NA,NA,43.097719,-71.114975,24000,NA,NA,"Interpolation-Map","NAD83",394,"ft",NA,NA,"Topographic Map Interpolation","NAVD88","US",33,15,NA,NA,NA,NA,NA,NA,NA,NA,NA,"STORET"
"104","11113300","New Hampshire Department Of Environmental Services (BEACH)","11113300-PAWNNOTR","PAWTUCKAWAY LAKE-ROUND PD BROOK","River/Stream","ROUND PD BROOK",1060003,NA,NA,NA,NA,43.1007,-71.1503,24000,NA,NA,"Interpolation-Map","NAD83",256,"ft",NA,NA,"Topographic Map Interpolation","NAVD88","US",33,15,NA,NA,NA,NA,NA,NA,NA,NA,NA,"STORET"
"105","11113300","New Hampshire Department Of Environmental Services (BEACH)","11113300-PAWSNOTM","PAWTUCKAWAY LAKE-MOUNTAIN BROOK","River/Stream","MOUNTAIN BROOK",1060003,NA,NA,NA,NA,43.0834,-71.171194,24000,NA,NA,"Interpolation-Map","NAD83",259,"ft",NA,NA,"Topographic Map Interpolation","NAVD88","US",33,15,NA,NA,NA,NA,NA,NA,NA,NA,NA,"STORET"
"106","11113300","New Hampshire Department Of Environmental Services (BEACH)","11113300-PEARINBI","PEARLY LAKE-BOWER INLET","River/Stream","BOWER INLET",1080202,NA,NA,NA,NA,42.788258,-72.077581,24000,NA,NA,"Interpolation-Map","NAD83",1073,"ft",NA,NA,"Topographic Map Interpolation","NAVD88","US",33,5,NA,NA,NA,NA,NA,NA,NA,NA,NA,"STORET"
"107","11113300","New Hampshire Department Of Environmental Services (BEACH)","11113300-PEARINM","PEARLY LAKE-MOUNTAIN RD","River/Stream","MOUNTAIN RD",1080202,NA,NA,NA,NA,42.7859,-72.0677,24000,NA,NA,"Interpolation-Map","NAD83",1017,"ft",NA,NA,"Topographic Map Interpolation","NAVD88","US",33,5,NA,NA,NA,NA,NA,NA,NA,NA,NA,"STORET"
"108","11113300","New Hampshire Department Of Environmental Services (BEACH)","11113300-PEARINO","PEARLY LAKE-OUTLET","River/Stream","OUTLET",1080202,NA,NA,NA,NA,42.7689,-72.0685,24000,NA,NA,"Interpolation-Map","NAD83",1010,"ft",NA,NA,"Topographic Map Interpolation","NAVD88","US",33,5,NA,NA,NA,NA,NA,NA,NA,NA,NA,"STORET"
"109","11113300","New Hampshire Department Of Environmental Services (BEACH)","11113300-PERSUN-2","PERKINS POND - SEASONAL TRIB 2","River/Stream",NA,1080106,NA,NA,NA,NA,43.409961,-72.110744,24000,NA,NA,"Interpolation-Map","NAD83",1109,"ft",NA,NA,"Topographic Map Interpolation","NAVD88","US",33,19,NA,NA,NA,NA,NA,NA,NA,NA,NA,"STORET"
"110","11113300","New Hampshire Department Of Environmental Services (BEACH)","11113300-PERSUN-A","PERKINS POND - YEAR ROUND TRIB A","River/Stream",NA,1080106,NA,NA,NA,NA,43.411447,-72.110872,24000,NA,NA,"Interpolation-Map","NAD83",1112,"ft",NA,NA,"Topographic Map Interpolation","NAVD88","US",33,19,NA,NA,NA,NA,NA,NA,NA,NA,NA,"STORET"
"111","11113300","New Hampshire Department Of Environmental Services (BEACH)","11113300-PERSUN-B","PERKINS POND - YEAR ROUND TRIB B","River/Stream",NA,1080106,NA,NA,NA,NA,43.405897,-72.119858,24000,NA,NA,"Interpolation-Map","NAD83",1096,"ft",NA,NA,"Topographic Map Interpolation","NAVD88","US",33,19,NA,NA,NA,NA,NA,NA,NA,NA,NA,"STORET"
"112","11113300","New Hampshire Department Of Environmental Services (BEACH)","11113300-PERSUN-C","PERKINS POND - YEAR ROUND TRIB C","River/Stream",NA,1080106,NA,NA,NA,NA,43.404869,-72.118853,24000,NA,NA,"Interpolation-Map","NAD83",1093,"ft",NA,NA,"Topographic Map Interpolation","NAVD88","US",33,19,NA,NA,NA,NA,NA,NA,NA,NA,NA,"STORET"
"113","11113300","New Hampshire Department Of Environmental Services (BEACH)","11113300-PERSUN-LP","PERKINS POND - LEDGE POND BROOK","River/Stream","DISCHARGE FROM LEDGE POND WHICH FLOWS INTO PERKINS POND. THE STATION IS FROM TEH BROOK AFTER IT CROSSES THE RD.
11/20/18 COMBINED WITH STATION PERSUNLPD, USED THOSE COORDINATES (NEWER AND GPS LOCATED). PREVIOUS COORDINATES WERE INTERPOLATION MAP NAD83  43.421586, -72.120056 FROM 3/2/2005.",1080106,NA,NA,NA,NA,43.421583,-72.12,NA,"15","m","GPS Code (Pseudo Range) Differential","NAD83",1138,"ft",NA,NA,"Other","NAVD88","US",33,19,NA,NA,NA,NA,NA,NA,NA,NA,NA,"STORET"
"114","11113300","New Hampshire Department Of Environmental Services (BEACH)","11113300-PERSUN-NO","PERKINS POND - YEAR ROUND TRIB NO","River/Stream",NA,1080106,NA,NA,NA,NA,43.420078,-72.123961,24000,NA,NA,"Interpolation-Map","NAD83",1096,"ft",NA,NA,"Topographic Map Interpolation","NAVD88","US",33,19,NA,NA,NA,NA,NA,NA,NA,NA,NA,"STORET"
"115","11113300","New Hampshire Department Of Environmental Services (BEACH)","11113300-PERSUNO","PERKINS POND-OUTLET","River/Stream","OUTLET",1080106,NA,NA,NA,NA,43.414694,-72.1197,24000,NA,NA,"Interpolation-Map","NAD83",1096,"ft",NA,NA,"Topographic Map Interpolation","NAVD88","US",33,19,NA,NA,NA,NA,NA,NA,NA,NA,NA,"STORET"
"116","11113300","New Hampshire Department Of Environmental Services (BEACH)","11113300-PHISDNI","PHILLIPS POND-INLET","River/Stream","INLET FROM SHOWELL POND",1060003,NA,NA,NA,NA,42.913694,-71.190278,24000,NA,NA,"Interpolation-Map","NAD83",213,"ft",NA,NA,"Topographic Map Interpolation","NAVD88","US",33,15,NA,NA,NA,NA,NA,NA,NA,NA,NA,"STORET"
"117","11113300","New Hampshire Department Of Environmental Services (BEACH)","11113300-PLENWLPL2","PLEASANT LAKE-CHANDLER BROOK","River/Stream","CHANDLER BROOK",1070003,NA,NA,NA,NA,43.4177,-71.9425,24000,"60","m","Interpolation-Map","NAD83",817,"ft",NA,NA,"Topographic Map Interpolation","NAVD88","US",33,13,NA,NA,NA,NA,NA,NA,NA,NA,NA,"STORET"
"118","11113300","New Hampshire Department Of Environmental Services (BEACH)","11113300-PLENWLPL8","PLEASANT LAKE-PL 8","River/Stream","EDGE OF LAKE WHERE STREAM FROM HALL FAM ENTERS",1070003,NA,NA,NA,NA,43.420172,-71.951839,24000,NA,NA,"Interpolation-Map","NAD83",NA,NA,NA,NA,NA,NA,"US",33,13,NA,NA,NA,NA,NA,NA,NA,NA,NA,"STORET"
"119","11113300","New Hampshire Department Of Environmental Services (BEACH)","11113300-PROEFFI","PROVINCE LAKE-ISLAND INLET","River/Stream","ISLAND INLET - WAKEFIELD
SAMPLE UPSTREAM OF ROAD CROSSING ON BONNYMAN ROAD",1060002,NA,NA,NA,NA,43.682361,-71.000806,NA,"15","m","GPS-Unspecified","NAD83",NA,NA,NA,NA,NA,NA,"US",33,3,NA,NA,NA,NA,NA,NA,NA,NA,NA,"STORET"
"120","11113300","New Hampshire Department Of Environmental Services (BEACH)","11113300-PROEFFO","PROVINCE LAKE-OUTLET","River/Stream","OUTLET",1060002,NA,NA,NA,NA,43.700278,-70.997278,NA,"15","m","GPS-Unspecified","NAD83",NA,NA,NA,NA,NA,NA,"US",33,3,NA,NA,NA,NA,NA,NA,NA,NA,NA,"STORET"
"121","11113300","New Hampshire Department Of Environmental Services (BEACH)","11113300-PROEFFR","PROVINCE LAKE-RTE 153 INLET","River/Stream","RTE 153 INLET
WAKEFIELD",1060002,NA,NA,NA,NA,43.683056,-70.981361,NA,"15","m","GPS-Unspecified","NAD83",NA,NA,NA,NA,NA,NA,"US",33,3,NA,NA,NA,NA,NA,NA,NA,NA,NA,"STORET"
"122","11113300","New Hampshire Department Of Environmental Services (BEACH)","11113300-ROBHUDJ4","ROBINSON POND-STA 4 JUNIPER BROOK","River/Stream","STA 4 JUNIPER BROOK",1070006,NA,NA,NA,NA,42.8048,-71.3887,24000,"60","m","Interpolation-Map","NAD83",216,"ft",NA,NA,"Topographic Map Interpolation","NAVD88","US",33,11,NA,NA,NA,NA,NA,NA,NA,NA,NA,"STORET"
"123","11113300","New Hampshire Department Of Environmental Services (BEACH)","11113300-RUSWOLN","RUST POND-NORTH END INLET","River/Stream","NORTH END INLET",1070002,NA,NA,NA,NA,43.569778,-71.177778,24000,"60","m","Interpolation-Map","NAD83",584,"ft",NA,NA,"Topographic Map Interpolation","NAVD88","US",33,3,NA,NA,NA,NA,NA,NA,NA,NA,NA,"STORET"
"124","11113300","New Hampshire Department Of Environmental Services (BEACH)","11113300-RUSWOLO","RUST POND-OUTLET","River/Stream","OUTLET",1070002,NA,NA,NA,NA,43.562583,-71.174389,24000,NA,NA,"Interpolation-Map","NAD83",581,"ft",NA,NA,"Topographic Map Interpolation","NAVD88","US",33,3,NA,NA,NA,NA,NA,NA,NA,NA,NA,"STORET"
"125","11113300","New Hampshire Department Of Environmental Services (BEACH)","11113300-RUSWOLP","RUST POND-PERRY BROOK","River/Stream","PERRY BROOK",1070002,NA,NA,NA,NA,43.557889,-71.1581,24000,NA,NA,"Interpolation-Map","NAD83",590,"ft",NA,NA,"Topographic Map Interpolation","NAVD88","US",33,3,NA,NA,NA,NA,NA,NA,NA,NA,NA,"STORET"
"126","11113300","New Hampshire Department Of Environmental Services (BEACH)","11113300-SUNSUN1115","SUNAPEE LAKE-1115","River/Stream","1115.0 CHALK POND OUTLET
NEWBURY
INTERPOLATION MAP COORDINATES FOUND ON 2/3/2004 -  43.351400; -72.012400",1080106,NA,NA,NA,NA,43.351639,-72.012316,NA,"15","m","GPS-Unspecified","UNKWN",1260,"ft",NA,NA,"Topographic Map Interpolation","NAVD88","US",33,13,NA,NA,NA,NA,NA,NA,NA,NA,NA,"STORET"
"127","11113300","New Hampshire Department Of Environmental Services (BEACH)","11113300-SUNSUN14105","SUNAPEE LAKE-1410.5","River/Stream","1410.5
KIDDER BROOK UPSTREAM",1080106,NA,NA,NA,NA,43.435073,-72.002385,NA,"15","m","GPS-Unspecified","UNKWN",NA,NA,NA,NA,NA,NA,"US",33,13,NA,NA,NA,NA,NA,NA,NA,NA,NA,"STORET"
"128","11113300","New Hampshire Department Of Environmental Services (BEACH)","11113300-SUNSUN1415","SUNAPEE LAKE-1415","River/Stream","1415.0 BUCKLIN BEACH BROOK
NEW LONDON
INTERPOLATION MAP COORDINATES FOUND 4/26/2004 - 43.434931; -72.002689",1080106,NA,NA,NA,NA,43.435071,-72.00229,NA,"15","m","GPS-Unspecified","UNKWN",1237,"ft",NA,NA,"Topographic Map Interpolation","NAVD88","US",33,13,NA,NA,NA,NA,NA,NA,NA,NA,NA,"STORET"
"129","11113300","New Hampshire Department Of Environmental Services (BEACH)","11113300-SUNSUN1418","SUNAPEE LAKE-1418","River/Stream","MURRAY POND OUTLET
NEW LONDON",1080106,NA,NA,NA,NA,43.428421,-72.013287,NA,"15","m","GPS-Unspecified","UNKWN",NA,NA,NA,NA,NA,NA,"US",33,13,NA,NA,NA,NA,NA,NA,NA,NA,NA,"STORET"
"130","11113300","New Hampshire Department Of Environmental Services (BEACH)","11113300-SUNSUN1420","SUNAPEE LAKE-1420","River/Stream","1420.0 LITTLE SUNAPEE LAKE OUTLET
NEW LONDON
INTERPOLATION MAP COORDINATES LOCATED ON 2/3/2004 - 43.428000; -72.034200",1080106,NA,NA,NA,NA,43.428033,-72.034317,NA,"15","m","GPS-Unspecified","UNKWN",1223,"ft",NA,NA,"Topographic Map Interpolation","NAVD88","US",33,13,NA,NA,NA,NA,NA,NA,NA,NA,NA,"STORET"
"131","11113300","New Hampshire Department Of Environmental Services (BEACH)","11113300-SUNSUN505","SUNAPEE LAKE-505","River/Stream","505.0
OTTER POND BROOK
INTERPOLATION MAP COORDINATES LOCATED 2/3/2004 -  43.432889; -72.066000",1080106,NA,NA,NA,NA,43.430875,-72.066807,NA,"15","m","GPS-Unspecified","UNKWN",1132,"ft",NA,NA,"Topographic Map Interpolation","NAVD88","US",33,19,NA,NA,NA,NA,NA,NA,NA,NA,NA,"STORET"
"132","11113300","New Hampshire Department Of Environmental Services (BEACH)","11113300-SUNSUN510","SUNAPEE LAKE-510","River/Stream","510.0
MUZZEY BROOK
INTERPOLATION COORDINATES LOCATED 4/26/2004 -  43.430078; -72.068039",1080106,NA,NA,NA,NA,43.430791,-72.069142,NA,"15","m","GPS-Unspecified","UNKWN",1093,"ft",NA,NA,"Topographic Map Interpolation","NAVD88","US",33,19,NA,NA,NA,NA,NA,NA,NA,NA,NA,"STORET"
"133","11113300","New Hampshire Department Of Environmental Services (BEACH)","11113300-SUNSUN5151","SUNAPEE LAKE-515.1","River/Stream","515.1
EAGLE ROCK BROOK UPSTREAM",1080106,NA,NA,NA,NA,43.428543,-72.070167,NA,NA,NA,"Unknown","UNKWN",NA,NA,NA,NA,NA,NA,"US",33,19,NA,NA,NA,NA,NA,NA,NA,NA,NA,"STORET"
"134","11113300","New Hampshire Department Of Environmental Services (BEACH)","11113300-SUNSUN540","SUNAPEE LAKE-540","River/Stream","540.0
JOBS CREEK
INTERPOLATION COORDINATES LOCATED 4/26/2004 - 43.414242; -72.065317",1080106,NA,NA,NA,NA,43.414308,-72.06531,NA,"15","m","GPS-Unspecified","UNKWN",1115,"ft",NA,NA,"Topographic Map Interpolation","NAVD88","US",33,19,NA,NA,NA,NA,NA,NA,NA,NA,NA,"STORET"
"135","11113300","New Hampshire Department Of Environmental Services (BEACH)","11113300-SUNSUN670","SUNAPEE LAKE-670","River/Stream","670.0 CHANDLER BROOK
NEWBURY
INTERPOLATION COORDINATES LOCATED 4/26/2004 -  43.344336; -72.061517",1080106,NA,NA,NA,NA,43.342818,-72.066896,NA,"15","m","GPS-Unspecified","UNKWN",1093,"ft",NA,NA,"Topographic Map Interpolation","NAVD88","US",33,13,NA,NA,NA,NA,NA,NA,NA,NA,NA,"STORET"
"136","11113300","New Hampshire Department Of Environmental Services (BEACH)","11113300-SUNSUN6705","SUNAPEE LAKE-670.5","River/Stream","670.5",1080106,NA,NA,NA,NA,43.344889,-72.0745,24000,NA,NA,"Interpolation-Map","NAD83",1122,"ft",NA,NA,"Topographic Map Interpolation","NAVD88","US",33,19,NA,NA,NA,NA,NA,NA,NA,NA,NA,"STORET"
"137","11113300","New Hampshire Department Of Environmental Services (BEACH)","11113300-SUNSUN675","SUNAPEE LAKE-675","River/Stream","675.0 JOHNSON BROOK
NEWBURY
INTERPOLATION COORDINATES LOCATED ON 4/26/2004 - 43.342681;-72.066514",1080106,NA,NA,NA,NA,43.342102,-72.066766,NA,"15","m","GPS-Unspecified","UNKWN",1112,"ft",NA,NA,"Topographic Map Interpolation","NAVD88","US",33,13,NA,NA,NA,NA,NA,NA,NA,NA,NA,"STORET"
"138","11113300","New Hampshire Department Of Environmental Services (BEACH)","11113300-SUNSUN680","SUNAPEE LAKE-680","River/Stream","680.0 BECK BROOK
NEWBURY
INTERPOLATION COORDINATES FOUND ON 4/26/2004 - 43.342656; -72.069308",1080106,NA,NA,NA,NA,43.340766,-72.072955,NA,NA,NA,"Unknown","UNKWN",1109,"ft",NA,NA,"Topographic Map Interpolation","NAVD88","US",33,13,NA,NA,NA,NA,NA,NA,NA,NA,NA,"STORET"
"139","11113300","New Hampshire Department Of Environmental Services (BEACH)","11113300-SUNSUN7201","SUNAPEE LAKE-720.1","River/Stream","NEWBURY INLET BROOK
NEWBURY",1080106,NA,NA,NA,NA,43.321312,-72.037483,NA,"15","m","GPS-Unspecified","UNKWN",NA,NA,NA,NA,NA,NA,"US",33,13,NA,NA,NA,NA,NA,NA,NA,NA,NA,"STORET"
"140","11113300","New Hampshire Department Of Environmental Services (BEACH)","11113300-SUNSUN750","SUNAPEE LAKE-750","River/Stream","CUNNINGHAM BROOK
NEWBURY",1080106,NA,NA,NA,NA,43.343351,-72.037908,NA,"15","m","GPS-Unspecified","UNKWN",NA,NA,NA,NA,NA,NA,"US",33,13,NA,NA,NA,NA,NA,NA,NA,NA,NA,"STORET"
"141","11113300","New Hampshire Department Of Environmental Services (BEACH)","11113300-SUNSUN760","SUNAPEE LAKE-760","River/Stream","760.0 BARTLETT BROOK
NEWBURY
INTERPOLATION COORDINATES LOCATED 4/26/2004 -  43.347861; -72.045353",1080106,NA,NA,NA,NA,43.349925,-72.03963,NA,"15","m","GPS-Unspecified","UNKWN",1112,"ft",NA,NA,"Topographic Map Interpolation","NAVD88","US",33,13,NA,NA,NA,NA,NA,NA,NA,NA,NA,"STORET"
"142","11113300","New Hampshire Department Of Environmental Services (BEACH)","11113300-SUNSUN788","SUNAPEE LAKE-788","River/Stream","788.0 BLODGETT BROOK SOUTH BRANCH
NEWBURY
INTERPOLATION COORDINATES LOCATED 4/26/2004 -  43.369461; -72.038703",1080106,NA,NA,NA,NA,43.369247,-72.038766,NA,"15","m","GPS-Unspecified","UNKWN",1115,"ft",NA,NA,"Topographic Map Interpolation","NAVD88","US",33,13,NA,NA,NA,NA,NA,NA,NA,NA,NA,"STORET"
"143","11113300","New Hampshire Department Of Environmental Services (BEACH)","11113300-SUNSUN790","SUNAPEE LAKE-790","River/Stream","790.0 BLODGETT BROOK NORTH BRANCH
NEWBURY
INTERPOLATION COORDINATES LOCATED 4/26/2004 -  43.369953; -72.039147",1080106,NA,NA,NA,NA,43.369655,-72.0386,NA,"15","m","GPS-Unspecified","UNKWN",1115,"ft",NA,NA,"Topographic Map Interpolation","NAVD88","US",33,13,NA,NA,NA,NA,NA,NA,NA,NA,NA,"STORET"
"144","11113300","New Hampshire Department Of Environmental Services (BEACH)","11113300-SUNSUN7904","SUNAPEE LAKE-790.4","River/Stream","BLODGETT BROOK (SOUTH COUNTY ROAD)
NEWBURY",1080106,NA,NA,NA,NA,43.366363,-72.027194,NA,NA,NA,"Unknown","UNKWN",NA,NA,NA,NA,NA,NA,"US",33,13,NA,NA,NA,NA,NA,NA,NA,NA,NA,"STORET"
"145","11113300","New Hampshire Department Of Environmental Services (BEACH)","11113300-SUNSUN800","SUNAPEE LAKE-800","River/Stream","800.0 PIKE BROOK
NEW LONDON
INTERPOLATION COORDINATES LOCATED 4/26/2004 -  43.385342; -72.042772",1080106,NA,NA,NA,NA,43.385161,-72.040287,NA,"15","m","GPS-Unspecified","UNKWN",1099,"ft",NA,NA,"Topographic Map Interpolation","NAVD88","US",33,13,NA,NA,NA,NA,NA,NA,NA,NA,NA,"STORET"
"146","11113300","New Hampshire Department Of Environmental Services (BEACH)","11113300-SUNSUN805","SUNAPEE LAKE-805","River/Stream","805.0 KING HILL BROOK
NEW LONDON
INTERPOLATION COORDINATES LOCATED 4/26/2004 - 43.388972; -72.040633",1080106,NA,NA,NA,NA,43.388148,-72.038166,NA,"15","m","GPS-Unspecified","UNKWN",1096,"ft",NA,NA,"Topographic Map Interpolation","NAVD88","US",33,13,NA,NA,NA,NA,NA,NA,NA,NA,NA,"STORET"
"147","11113300","New Hampshire Department Of Environmental Services (BEACH)","11113300-SUNSUN830","SUNAPEE LAKE-830","River/Stream","830.0 HERRICK COVE SOUTH (COLUMBUS AVENUE)
NEW LONDON
INTERPOLATION COORDINATES LOCATED 4/26/2004 -  43.409414; -72.030706",1080106,NA,NA,NA,NA,43.409202,-72.030726,NA,"15","m","GPS-Unspecified","UNKWN",1109,"ft",NA,NA,"Topographic Map Interpolation","NAVD88","US",33,13,NA,NA,NA,NA,NA,NA,NA,NA,NA,"STORET"
"148","11113300","New Hampshire Department Of Environmental Services (BEACH)","11113300-SUNSUN83015","SUNAPEE LAKE-830.15","River/Stream","COLUMBUS AVENUE (DAM WEIR)
NEW LONDON",1080106,NA,NA,NA,NA,43.409817,-72.02899,NA,"15","m","GPS-Unspecified","UNKWN",NA,NA,NA,NA,NA,NA,"US",33,13,NA,NA,NA,NA,NA,NA,NA,NA,NA,"STORET"
"149","11113300","New Hampshire Department Of Environmental Services (BEACH)","11113300-SUNSUN835","SUNAPEE LAKE-835","River/Stream","835.0 HERRICK COVE NORTH
NEW LONDON
INTERPOLATION COORDINATES LOCATED 4/26/2004 -  43.412936; -72.035986",1080106,NA,NA,NA,NA,43.414203,-72.035395,NA,"15","m","GPS-Unspecified","UNKWN",1102,"ft",NA,NA,"Topographic Map Interpolation","NAVD88","US",33,13,NA,NA,NA,NA,NA,NA,NA,NA,NA,"STORET"
"150","U_NH01","UNIVERSITY OF NEW HAMPSHIRE","U_NH01-01-BLK","NEWFOUND LAKE-BLACK BROOK","River/Stream","JUNCTION OF BROWN'S BEACH ROAD & WEST SHORE ROAD.
INTERSECTION OF BLACK BROOK AND WEST SHORE ROAD NEAR BROWNS BEACH ROAD. 23 BLACK BROOK.",1070001,NA,NA,NA,NA,43.627833,-71.756306,NA,"15","m","GPS-Unspecified","NAD83",NA,NA,NA,NA,NA,NA,"US",33,9,NA,NA,NA,NA,NA,NA,NA,NA,NA,"STORET"
"151","U_NH01","UNIVERSITY OF NEW HAMPSHIRE","U_NH01-01-CCM","NEWFOUND LAKE-COCKERMOUTH RIVER (NEAR LAKE)","River/Stream","AT THE JUNCTION OF NORTH SHORE ROAD & THE COCKERMOUTH RIVER.  11 COCKERMOUTH",1070001,NA,NA,NA,NA,43.694417,-71.796444,NA,"15","m","GPS-Unspecified","NAD83",NA,NA,NA,NA,NA,NA,"US",33,9,NA,NA,NA,NA,NA,NA,NA,NA,NA,"STORET"
"152","U_NH01","UNIVERSITY OF NEW HAMPSHIRE","U_NH01-01-CSH","NEWFOUND LAKE-CASHMAN BROOK","River/Stream","AT JUNCTION OF COOPER ROAD AND STONY BROOK ROAD
BROOK RUNS BETWEEN  NORTH SHORE RD AND STONEY BROOK RD.",1070001,NA,NA,NA,NA,43.702583,-71.7755,NA,"15","m","GPS-Unspecified","NAD83",NA,NA,NA,NA,NA,NA,"US",33,9,NA,NA,NA,NA,NA,NA,NA,NA,NA,"STORET"
"153","U_NH01","UNIVERSITY OF NEW HAMPSHIRE","U_NH01-01-DBB","NEWFOUND LAKE-DICK BROWN BROOK","River/Stream","ALIAS =  3 DICK BROWN
NEAR JUNCTION OF ROUTE 3A & WHITTEMORE PT. ROAD NORTH.",1070001,NA,NA,NA,NA,43.657889,-71.737417,NA,"15","m","GPS-Unspecified","NAD83",NA,NA,NA,NA,NA,NA,"US",33,9,NA,NA,NA,NA,NA,NA,NA,NA,NA,"STORET"
"154","U_NH01","UNIVERSITY OF NEW HAMPSHIRE","U_NH01-01-FWL","NEWFOUND LAKE-FOWLER RIVER","River/Stream","ALIAS = 20 FOWLER RIVER
FOWLER RIVER/BOG BROOK AT THE INTERSECTION WITH WEST SHORE ROAD.",1070001,NA,NA,NA,NA,43.632806,-71.774472,NA,"15","m","GPS-Unspecified","NAD83",NA,NA,NA,NA,NA,NA,"US",33,9,NA,NA,NA,NA,NA,NA,NA,NA,NA,"STORET"
"155","U_NH01","UNIVERSITY OF NEW HAMPSHIRE","U_NH01-01-HEM","NEWFOUND LAKE-HEMLOCK BROOK","River/Stream","JUNCTION OF SUNSET DRIVE AND ROUTE 3A.",1070001,NA,NA,NA,NA,43.630944,-71.735917,NA,"15","m","GPS-Unspecified","NAD83",NA,NA,NA,NA,NA,NA,"US",33,9,NA,NA,NA,NA,NA,NA,NA,NA,NA,"STORET"
"156","U_NH01","UNIVERSITY OF NEW HAMPSHIRE","U_NH01-01-TIL","NEWFOUND LAKE-TILTON BROOK","River/Stream","NEAR JUNCTION OF ROUTE 3A & WHITTEMORE PT. ROAD SOUTH.",1070001,NA,NA,NA,NA,43.637722,-71.735861,NA,"15","m","GPS-Unspecified","NAD83",NA,NA,NA,NA,NA,NA,"US",33,9,NA,NA,NA,NA,NA,NA,NA,NA,NA,"STORET"
"157","U_NH01","UNIVERSITY OF NEW HAMPSHIRE","U_NH01-01-WHT","NEWFOUND LAKE-WHITTEMORE BROOK","River/Stream","NEAR JUNCTION OF ROUTE 3A, PARADISE ROAD AND BROOK ROAD",1070001,NA,NA,NA,NA,43.666333,-71.744944,NA,"15","m","GPS-Unspecified","NAD83",NA,NA,NA,NA,NA,NA,"US",33,9,NA,NA,NA,NA,NA,NA,NA,NA,NA,"STORET"
"158","U_NH01","UNIVERSITY OF NEW HAMPSHIRE","U_NH01-02-FWL","NEWFOUND LAKE-FOWLER RIVER (BOG BRK DRAINAGE)","River/Stream","ALIAS = 21 BOG BROOK
AT THE INTERSECTION OF FOWLER RIVER ROAD AND BOG BROOK",1070001,NA,NA,NA,NA,43.624583,-71.774722,NA,"15","m","GPS-Unspecified","NAD83",NA,NA,NA,NA,NA,NA,"US",33,9,NA,NA,NA,NA,NA,NA,NA,NA,NA,"STORET"
"159","U_NH01","UNIVERSITY OF NEW HAMPSHIRE","U_NH01-05-CCM","NEWFOUND LAKE-COCKERMOUTH RIVER (UPSTREAM)","River/Stream","ALIAS = 14 COCKERMOUTH
GROTON ROAD ADJACENT TO THE GROTON TOWN OFFICES",1070001,NA,NA,NA,NA,43.703917,-71.833278,NA,"15","m","GPS-Unspecified","NAD83",NA,NA,NA,NA,NA,NA,"US",33,9,NA,NA,NA,NA,NA,NA,NA,NA,NA,"STORET"
"160","U_NH01","UNIVERSITY OF NEW HAMPSHIRE","U_NH01-NLRA T05","NEWFOUND LAKE-WILSON BROOK","River/Stream","ACROSS FROM FAVOR ROAD AT THE CAMP PASQUANEY WOODEN WALKING BRIDGE.",1070001,NA,NA,NA,NA,43.678611,-71.764556,NA,"15","m","GPS-Unspecified","NAD83",NA,NA,NA,NA,NA,NA,"US",33,9,NA,NA,NA,NA,NA,NA,NA,NA,NA,"STORET"
"161","U_NH01","UNIVERSITY OF NEW HAMPSHIRE","U_NH01-NLRA T06","NEWFOUND LAKE-YELLOW BROOK","River/Stream","AT JUNCTION OF ONAWAY POINT ROAD AND ROUTE 3A. DOWN ONAWAY POINT ROAD AS CULVERT PASSES UNDER THE ROAD.",1070001,NA,NA,NA,NA,43.688639,-71.770694,NA,"15","m","GPS-Unspecified","NAD83",NA,NA,NA,NA,NA,NA,"US",33,9,NA,NA,NA,NA,NA,NA,NA,NA,NA,"STORET"
"162","U_NH01","UNIVERSITY OF NEW HAMPSHIRE","U_NH01-NLRA T07","NEWFOUND LAKE-POST OFFICE BROOK","River/Stream","ADJACENT TO MERRILL ROAD OFF OF ROUTE 3A.",1070001,NA,NA,NA,NA,43.691306,-71.769917,NA,"15","m","GPS-Unspecified","NAD83",NA,NA,NA,NA,NA,NA,"US",33,9,NA,NA,NA,NA,NA,NA,NA,NA,NA,"STORET"
"163","U_NH01","UNIVERSITY OF NEW HAMPSHIRE","U_NH01-NLRA T08","NEWFOUND LAKE-BARN BROOK","River/Stream","OFF ROUTE 3A NEXT TO ADDRESS #49.",1070001,NA,NA,NA,NA,43.715139,-71.769083,NA,"15","m","GPS-Unspecified","NAD83",NA,NA,NA,NA,NA,NA,"US",33,9,NA,NA,NA,NA,NA,NA,NA,NA,NA,"STORET"
"164","U_NH01","UNIVERSITY OF NEW HAMPSHIRE","U_NH01-NLRA T10","NEWFOUND LAKE-GEORGES BROOK","River/Stream","AT THE JUNCTION OF COOPER ROAD AND GEORGES BROOK",1070001,NA,NA,NA,NA,43.705278,-71.775,NA,"15","m","GPS-Unspecified","NAD83",NA,NA,NA,NA,NA,NA,"US",33,9,NA,NA,NA,NA,NA,NA,NA,NA,NA,"STORET"
"165","U_NH01","UNIVERSITY OF NEW HAMPSHIRE","U_NH01-NLRA T12","NEWFOUND LAKE-COCKERMOUTH RIVER (UPSTREAM)","River/Stream","AT THE INTERSECTION OF BRALEY ROAD AND THE COCKERMOUTH RIVER",1070001,NA,NA,NA,NA,43.697056,-71.808,NA,"15","m","GPS-Unspecified","NAD83",NA,NA,NA,NA,NA,NA,"US",33,9,NA,NA,NA,NA,NA,NA,NA,NA,NA,"STORET"
"166","U_NH01","UNIVERSITY OF NEW HAMPSHIRE","U_NH01-NLRA T13","NEWFOUND LAKE-TANNERY BROOK","River/Stream","GROTON ROAD ADJACENT TO THE HEBRON PUBLIC SAFETY BUILDING",1070001,NA,NA,NA,NA,43.711306,-71.826028,NA,"15","m","GPS-Unspecified","NAD83",NA,NA,NA,NA,NA,NA,"US",33,9,NA,NA,NA,NA,NA,NA,NA,NA,NA,"STORET"
"167","U_NH01","UNIVERSITY OF NEW HAMPSHIRE","U_NH01-NLRA T15","NEWFOUND LAKE-HEBRON BROOK","River/Stream","HEBRON BROOK INTERSECTION WITH CROSS ROAD.",1070001,NA,NA,NA,NA,43.691583,-71.804083,NA,"15","m","GPS-Unspecified","NAD83",NA,NA,NA,NA,NA,NA,"US",33,9,NA,NA,NA,NA,NA,NA,NA,NA,NA,"STORET"
"168","U_NH01","UNIVERSITY OF NEW HAMPSHIRE","U_NH01-NLRA T16","NEWFOUND LAKE-KENDALL BROOK","River/Stream","APPROXIMATELY 0.5 MILES NORTH OF CAMP WICOSUTA. THE STREAM IS NEXT TO AN HOUSE WITH AN OPEN FIELD",1070001,NA,NA,NA,NA,43.680167,-71.792972,NA,"15","m","GPS-Unspecified","NAD83",NA,NA,NA,NA,NA,NA,"US",33,9,NA,NA,NA,NA,NA,NA,NA,NA,NA,"STORET"
"169","U_NH01","UNIVERSITY OF NEW HAMPSHIRE","U_NH01-NLRA T17","NEWFOUND LAKE-MASON BROOK","River/Stream","AT CAMP WICOSUTA OFF OF WEST SHORE ROAD",1070001,NA,NA,NA,NA,43.671583,-71.791167,NA,"15","m","GPS-Unspecified","NAD83",NA,NA,NA,NA,NA,NA,"US",33,9,NA,NA,NA,NA,NA,NA,NA,NA,NA,"STORET"
"170","U_NH01","UNIVERSITY OF NEW HAMPSHIRE","U_NH01-NLRA T18","NEWFOUND LAKE-THE LEDGES","River/Stream","AT THE LEDGES CONDOMINIUM DEVELOPMENT OFF  OF WEST SHORE ROAD",1070001,NA,NA,NA,NA,43.660028,-71.792694,NA,"15","m","GPS-Unspecified","NAD83",NA,NA,NA,NA,NA,NA,"US",33,9,NA,NA,NA,NA,NA,NA,NA,NA,NA,"STORET"
"171","U_NH01","UNIVERSITY OF NEW HAMPSHIRE","U_NH01-NLRA T19","NEWFOUND LAKE-WELLINGTON BROOK","River/Stream","NEAR BRISTOL/ALEXANDRIA TOWN LINE & NEAR TRAILHEAD PARKING. DOWN ACCESS ROAD BY PARK RANGER STATION",1070001,NA,NA,NA,NA,43.640889,-71.781278,NA,"15","m","GPS-Unspecified","NAD83",NA,NA,NA,NA,NA,NA,"US",33,9,NA,NA,NA,NA,NA,NA,NA,NA,NA,"STORET"
"172","U_NH01","UNIVERSITY OF NEW HAMPSHIRE","U_NH01-NLRA T22","NEWFOUND LAKE-FOWLER RIVER (UPSTREAM)","River/Stream","AS THE FOWLER RIVER INTERSECTS FOWLER RIVER ROAD",1070001,NA,NA,NA,NA,43.628056,-71.792889,NA,"15","m","GPS-Unspecified","NAD83",NA,NA,NA,NA,NA,NA,"US",33,9,NA,NA,NA,NA,NA,NA,NA,NA,NA,"STORET"
"173","U_NH01","UNIVERSITY OF NEW HAMPSHIRE","U_NH01-NLRA T24","NEWFOUND LAKE-NEWFOUND RIVER (OUTLET)","River/Stream","AT THE JUNCTION OF WEST SHORE ROAD AND OLD ROUTE 3",1070001,NA,NA,NA,NA,43.618361,-71.739111,NA,"15","m","GPS-Unspecified","NAD83",NA,NA,NA,NA,NA,NA,"US",33,9,NA,NA,NA,NA,NA,NA,NA,NA,NA,"STORET"
